1045L_ao_00000.tif,1
1045L_ao_00001.tif,0
1045L_ao_00002.tif,0
1045L_ao_00003.tif,1
1045L_ao_00005.tif,0
1045L_ao_00006.tif,0
1045L_ao_00007.tif,0
1045L_ao_00008.tif,0
1045L_ao_00010.tif,0
1045L_ao_00011.tif,0
1045L_ao_00013.tif,1
1045L_ao_00015.tif,1
1045L_ao_00016.tif,2
1045L_ao_00017.tif,1
1045L_ao_00018.tif,1
1045L_ao_00020.tif,0
1045L_ao_00021.tif,0
1045L_ao_00023.tif,1
1045L_ao_00025.tif,2
1045L_ao_00026.tif,1
1045L_ao_00027.tif,2
1045L_ao_00028.tif,0
1045L_ao_00030.tif,0
1045L_ao_00031.tif,0
1045L_ao_00032.tif,0
1045L_ao_00033.tif,0
1045L_ao_00036.tif,0
1045L_ao_00037.tif,0
1045L_ao_00038.tif,1
1045L_ao_00040.tif,0
1045L_ao_00041.tif,0
1045L_ao_00042.tif,1
1045L_ao_00043.tif,0
1045L_ao_00045.tif,0
1045L_ao_00046.tif,0
1045L_ao_00047.tif,0
1045L_ao_00048.tif,0
1045L_ao_00050.tif,1
1045L_ao_00053.tif,0
1045L_ao_00055.tif,2
1045L_ao_00056.tif,2
1045L_ao_00057.tif,1
1045L_ao_00058.tif,2
1045L_ao_00060.tif,1
1045L_ao_00061.tif,0
1045L_ao_00062.tif,0
1045L_ao_00063.tif,1
1045L_ao_00065.tif,1
1045L_ao_00066.tif,2
1045L_ao_00067.tif,0
1045L_ao_00070.tif,2
1045L_ao_00071.tif,2
1045L_ao_00072.tif,2
1071L_ao_00073.tif,2
1071L_ao_00075.tif,2
1071L_ao_00076.tif,2
1071L_ao_00077.tif,2
1071L_ao_00078.tif,2
1071L_ao_00080.tif,2
1071L_ao_00081.tif,2
1071L_ao_00082.tif,2
1071L_ao_00083.tif,2
1071L_ao_00085.tif,2
1071L_ao_00086.tif,2
1071L_ao_00087.tif,1
1071L_ao_00088.tif,1
1071L_ao_00090.tif,2
1071L_ao_00091.tif,2
1071L_ao_00092.tif,2
1071L_ao_00095.tif,2
1071L_ao_00096.tif,2
1071L_ao_00097.tif,2
1071L_ao_00098.tif,1
1071L_ao_00100.tif,1
1071L_ao_00101.tif,2
1071L_ao_00102.tif,1
1071L_ao_00103.tif,2
1071L_ao_00105.tif,2
1071L_ao_00106.tif,2
1071L_ao_00107.tif,2
1071L_ao_00108.tif,2
1071L_ao_00110.tif,1
1071L_ao_00111.tif,2
1071L_ao_00112.tif,2
1071L_ao_00113.tif,2
1071L_ao_00115.tif,2
1071L_ao_00116.tif,2
1071L_ao_00117.tif,2
1071L_ao_00118.tif,1
1071L_ao_00120.tif,2
1071L_ao_00123.tif,1
1071L_ao_00125.tif,2
1071L_ao_00126.tif,1
1071L_ao_00127.tif,2
1071L_ao_00128.tif,2
1071L_ao_00130.tif,2
1071L_ao_00131.tif,2
1071L_ao_00132.tif,2
1071L_ao_00133.tif,2
1071L_ao_00137.tif,2
1071L_ao_00138.tif,2
1071L_ao_00140.tif,2
1071L_ao_00141.tif,2
1071L_ao_00142.tif,2
1071L_ao_00143.tif,2
1071L_ao_00145.tif,2
1071L_ao_00146.tif,2
1071L_ao_00147.tif,2
1071L_ao_00148.tif,2
1071L_ao_00150.tif,2
1071L_ao_00151.tif,2
1071L_ao_00153.tif,2
1071L_ao_00155.tif,2
1071L_ao_00156.tif,2
1071L_ao_00157.tif,2
1071L_ao_00158.tif,2
1071L_ao_00160.tif,2
1071L_ao_00161.tif,2
1071L_ao_00162.tif,2
1071L_ao_00163.tif,2
1071L_ao_00165.tif,2
1071L_ao_00166.tif,2
1071L_ao_00170.tif,2
1071L_ao_00171.tif,2
1071L_ao_00172.tif,2
1071L_ao_00173.tif,2
1071L_ao_00175.tif,2
1071L_ao_00176.tif,2
1071L_ao_00177.tif,2
1071L_ao_00178.tif,2
1071L_ao_00180.tif,2
1071L_ao_00181.tif,2
1071L_ao_00182.tif,2
1071L_ao_00185.tif,2
1071L_ao_00186.tif,2
1071L_ao_00187.tif,2
1071L_ao_00188.tif,2
1071L_ao_00190.tif,2
1071L_ao_00191.tif,2
1071L_ao_00192.tif,2
1071L_ao_00193.tif,2
1071L_ao_00195.tif,2
1071L_ao_00196.tif,2
1071L_ao_00197.tif,2
1071L_ao_00198.tif,2
1071L_ao_00201.tif,2
1071L_ao_00202.tif,2
1071L_ao_00203.tif,2
1071L_ao_00205.tif,2
1071L_ao_00206.tif,2
1071L_ao_00207.tif,2
1071L_ao_00208.tif,2
1071L_ao_00210.tif,2
1071L_ao_00211.tif,2
1071L_ao_00212.tif,2
1071L_ao_00213.tif,2
1071L_ao_00216.tif,2
1071L_ao_00217.tif,2
1071L_ao_00218.tif,2
1071L_ao_00220.tif,2
1071L_ao_00221.tif,2
1071L_ao_00222.tif,2
1071L_ao_00223.tif,2
1071L_ao_00225.tif,2
1071L_ao_00226.tif,2
1071L_ao_00227.tif,2
1071L_ao_00228.tif,2
1071L_ao_00230.tif,2
1071L_ao_00232.tif,2
1071L_ao_00233.tif,2
1071L_ao_00235.tif,2
1071L_ao_00236.tif,2
1071L_ao_00237.tif,2
1071L_ao_00238.tif,2
1071L_ao_00240.tif,2
1071L_ao_00241.tif,2
1071L_ao_00242.tif,2
1071L_ao_00243.tif,2
1073R_ao_00245.tif,0
1073R_ao_00246.tif,0
1073R_ao_00247.tif,0
1073R_ao_00248.tif,2
1073R_ao_00250.tif,1
1073R_ao_00251.tif,0
1073R_ao_00252.tif,1
1073R_ao_00253.tif,1
1073R_ao_00255.tif,0
1073R_ao_00256.tif,0
1073R_ao_00257.tif,0
1073R_ao_00260.tif,2
1073R_ao_00261.tif,1
1073R_ao_00262.tif,1
1073R_ao_00263.tif,2
1073R_ao_00265.tif,2
1073R_ao_00266.tif,1
1073R_ao_00267.tif,1
1073R_ao_00268.tif,1
1073R_ao_00270.tif,0
1073R_ao_00271.tif,2
1073R_ao_00272.tif,1
1073R_ao_00273.tif,0
1073R_ao_00275.tif,1
1073R_ao_00276.tif,0
1073R_ao_00277.tif,0
1073R_ao_00278.tif,0
1073R_ao_00280.tif,0
1073R_ao_00281.tif,0
1073R_ao_00282.tif,0
1073R_ao_00283.tif,1
1073R_ao_00285.tif,0
1073R_ao_00286.tif,0
1073R_ao_00287.tif,0
1073R_ao_00288.tif,1
1073R_ao_00291.tif,2
1073R_ao_00292.tif,1
1073R_ao_00293.tif,1
1073R_ao_00295.tif,2
1073R_ao_00296.tif,2
1073R_ao_00297.tif,2
1073R_ao_00298.tif,2
1073R_ao_00300.tif,1
1073R_ao_00301.tif,0
1073R_ao_00302.tif,0
1073R_ao_00305.tif,1
1073R_ao_00306.tif,0
1073R_ao_00307.tif,1
1073R_ao_00308.tif,0
1073R_ao_00310.tif,2
1073R_ao_00311.tif,0
1073R_ao_00312.tif,1
1073R_ao_00313.tif,2
1073R_ao_00315.tif,1
1073R_ao_00317.tif,2
1073R_ao_00318.tif,2
1073R_ao_00320.tif,1
1073R_ao_00321.tif,1
1073R_ao_00322.tif,2
1073R_ao_00323.tif,2
1073R_ao_00325.tif,1
1073R_ao_00326.tif,0
1073R_ao_00327.tif,1
1073R_ao_00328.tif,1
1073R_ao_00331.tif,1
1073R_ao_00332.tif,2
1073R_ao_00333.tif,0
1073R_ao_00335.tif,1
1073R_ao_00336.tif,1
1073R_ao_00337.tif,0
1073R_ao_00338.tif,0
1073R_ao_00340.tif,0
1073R_ao_00341.tif,2
1073R_ao_00342.tif,1
1073R_ao_00343.tif,0
1073R_ao_00345.tif,0
1073R_ao_00346.tif,0
1073R_ao_00347.tif,0
1073R_ao_00348.tif,0
1073R_ao_00350.tif,0
1073R_ao_00351.tif,0
1073R_ao_00352.tif,1
1075L_ao_00361.tif,0
1075L_ao_00362.tif,1
1075L_ao_00363.tif,0
1075L_ao_00365.tif,0
1075L_ao_00366.tif,1
1075L_ao_00367.tif,0
1075L_ao_00368.tif,1
1075L_ao_00370.tif,0
1075L_ao_00371.tif,0
1075L_ao_00372.tif,0
1075L_ao_00373.tif,0
1075L_ao_00375.tif,0
1075L_ao_00376.tif,0
1075L_ao_00377.tif,0
1075L_ao_00378.tif,0
1075L_ao_00380.tif,0
1075L_ao_00381.tif,0
1075L_ao_00382.tif,0
1075L_ao_00383.tif,0
1075L_ao_00385.tif,1
1075L_ao_00386.tif,1
1075L_ao_00387.tif,0
1075L_ao_00388.tif,0
1075L_ao_00390.tif,0
1075L_ao_00391.tif,0
1075L_ao_00392.tif,0
1075L_ao_00393.tif,0
1075L_ao_00395.tif,0
1075L_ao_00396.tif,0
1075L_ao_00397.tif,0
1075L_ao_00398.tif,0
1075L_ao_00400.tif,0
1075L_ao_00401.tif,0
1075L_ao_00402.tif,1
1075L_ao_00403.tif,0
1075L_ao_00405.tif,0
1075L_ao_00406.tif,0
1075L_ao_00407.tif,0
1075L_ao_00408.tif,1
1075L_ao_00410.tif,0
1075L_ao_00411.tif,1
1075L_ao_00412.tif,1
1075L_ao_00416.tif,0
1075L_ao_00421.tif,0
1075L_ao_00422.tif,0
1075L_ao_00423.tif,0
1075L_ao_00425.tif,0
1075L_ao_00426.tif,0
1075L_ao_00427.tif,0
1075L_ao_00428.tif,0
1075L_ao_00430.tif,0
1075L_ao_00431.tif,0
1075L_ao_00432.tif,0
1075L_ao_00433.tif,0
1075L_ao_00435.tif,0
1075L_ao_00436.tif,0
1075L_ao_00437.tif,0
1075L_ao_00438.tif,1
1075L_ao_00440.tif,0
1075L_ao_00441.tif,1
1075L_ao_00442.tif,1
1075L_ao_00443.tif,0
1075L_ao_00445.tif,0
1075L_ao_00446.tif,0
1075L_ao_00447.tif,0
1075L_ao_00448.tif,0
1075L_ao_00450.tif,0
1075L_ao_00451.tif,0
1075L_ao_00452.tif,0
1075L_ao_00453.tif,0
1075L_ao_00455.tif,0
1075L_ao_00456.tif,0
1075L_ao_00457.tif,1
1075L_ao_00458.tif,0
1075L_ao_00460.tif,0
1075L_ao_00461.tif,0
1075L_ao_00462.tif,1
1075L_ao_00463.tif,0
1075L_ao_00465.tif,0
1075L_ao_00466.tif,0
1075L_ao_00467.tif,0
1075L_ao_00468.tif,1
1075L_ao_00470.tif,0
1075L_ao_00471.tif,0
1075L_ao_00472.tif,0
1075L_ao_00473.tif,0
1075L_ao_00475.tif,1
1075L_ao_00476.tif,0
1075L_ao_00477.tif,0
1075L_ao_00482.tif,0
1075L_ao_00487.tif,0
1075L_ao_00490.tif,0
1075L_ao_00491.tif,0
1075L_ao_00492.tif,0
1075L_ao_00493.tif,0
1075L_ao_00495.tif,0
1075L_ao_00496.tif,0
1075L_ao_00497.tif,0
1075L_ao_00498.tif,0
1075L_ao_00500.tif,0
1075L_ao_00501.tif,0
1075L_ao_00502.tif,0
1075L_ao_00503.tif,0
1075L_ao_00505.tif,0
1075L_ao_00506.tif,1
1075L_ao_00507.tif,0
1075L_ao_00508.tif,0
1075L_ao_00510.tif,0
1075L_ao_00511.tif,0
1075L_ao_00512.tif,0
1075L_ao_00513.tif,0
1075L_ao_00515.tif,0
1075L_ao_00516.tif,0
1075L_ao_00517.tif,0
1075L_ao_00518.tif,0
1075L_ao_00520.tif,0
1075L_ao_00521.tif,0
1075L_ao_00522.tif,0
1075L_ao_00523.tif,0
1075L_ao_00525.tif,0
1075L_ao_00526.tif,0
1075L_ao_00527.tif,0
1075L_ao_00528.tif,0
1075L_ao_00530.tif,0
1075L_ao_00531.tif,0
1075L_ao_00532.tif,0
1075L_ao_00533.tif,0
1075L_ao_00535.tif,0
1075L_ao_00536.tif,0
1075L_ao_00537.tif,0
1075L_ao_00538.tif,1
1075L_ao_00540.tif,0
1075L_ao_00541.tif,0
1075L_ao_00542.tif,0
1075L_ao_00543.tif,0
1075L_ao_00545.tif,0
1075L_ao_00546.tif,0
1075L_ao_00547.tif,0
1075L_ao_00548.tif,0
1075L_ao_00550.tif,0
1075L_ao_00551.tif,0
1075L_ao_00552.tif,0
1075L_ao_00553.tif,0
1075L_ao_00557.tif,0
1075L_ao_00562.tif,0
1075L_ao_00563.tif,0
1075L_ao_00565.tif,0
1075L_ao_00566.tif,1
1075L_ao_00567.tif,0
1075L_ao_00568.tif,1
1075L_ao_00570.tif,0
1075L_ao_00571.tif,1
1075L_ao_00572.tif,0
1075L_ao_00573.tif,0
1075L_ao_00575.tif,0
1075L_ao_00576.tif,1
1075L_ao_00577.tif,0
1075L_ao_00578.tif,0
1075L_ao_00580.tif,1
1075L_ao_00581.tif,0
1075L_ao_00582.tif,0
1075L_ao_00583.tif,0
1075L_ao_00585.tif,0
1075L_ao_00586.tif,0
1075L_ao_00587.tif,0
1075L_ao_00588.tif,0
1075L_ao_00590.tif,0
1075L_ao_00591.tif,0
1075L_ao_00592.tif,0
1075L_ao_00593.tif,0
1075L_ao_00595.tif,0
1075L_ao_00596.tif,0
1075L_ao_00597.tif,0
1075L_ao_00598.tif,0
1075L_ao_00600.tif,0
1075L_ao_00601.tif,0
1075L_ao_00602.tif,0
1075L_ao_00603.tif,0
1075L_ao_00605.tif,0
1075L_ao_00606.tif,1
1075L_ao_00607.tif,0
1075L_ao_00608.tif,0
1075L_ao_00610.tif,0
1075L_ao_00615.tif,0
1075L_ao_00618.tif,0
1075L_ao_00620.tif,0
1075L_ao_00621.tif,0
1075L_ao_00622.tif,0
1075L_ao_00623.tif,0
1075L_ao_00625.tif,0
1075L_ao_00626.tif,0
1075L_ao_00627.tif,0
1075L_ao_00628.tif,0
1075L_ao_00630.tif,0
1075L_ao_00631.tif,0
1075L_ao_00632.tif,0
1075L_ao_00633.tif,0
1075L_ao_00635.tif,0
1075L_ao_00636.tif,0
1075L_ao_00637.tif,0
1075L_ao_00638.tif,0
1075L_ao_00640.tif,0
1075L_ao_00641.tif,0
1075L_ao_00642.tif,0
1075L_ao_00643.tif,0
1075L_ao_00645.tif,0
1075L_ao_00646.tif,0
1075L_ao_00647.tif,0
1075L_ao_00648.tif,0
1075L_ao_00650.tif,0
1075L_ao_00651.tif,1
1075L_ao_00652.tif,0
1075L_ao_00653.tif,0
1075L_ao_00655.tif,0
1075L_ao_00656.tif,0
1075L_ao_00657.tif,0
1075L_ao_00658.tif,0
1075L_ao_00660.tif,0
1075L_ao_00661.tif,0
1075L_ao_00662.tif,0
1075L_ao_00663.tif,0
1075L_ao_00665.tif,0
1075L_ao_00666.tif,0
1075L_ao_00667.tif,1
1075L_ao_00668.tif,0
1075L_ao_00670.tif,0
1075L_ao_00671.tif,0
1075L_ao_00672.tif,0
1075L_ao_00673.tif,1
1075L_ao_00675.tif,1
1075L_ao_00676.tif,0
1075L_ao_00677.tif,0
1075L_ao_00678.tif,0
1075L_ao_00681.tif,0
1075L_ao_00686.tif,0
1075L_ao_00687.tif,0
1075L_ao_00688.tif,0
1075L_ao_00690.tif,0
1075L_ao_00691.tif,0
1075L_ao_00692.tif,0
1075L_ao_00693.tif,0
1075L_ao_00695.tif,0
1075L_ao_00696.tif,0
1075L_ao_00697.tif,0
1075L_ao_00698.tif,0
1075L_ao_00700.tif,0
1075L_ao_00701.tif,0
1075L_ao_00702.tif,0
1075L_ao_00703.tif,0
1075L_ao_00705.tif,0
1075L_ao_00706.tif,1
1075L_ao_00707.tif,0
1075L_ao_00708.tif,1
1075L_ao_00710.tif,0
1075L_ao_00711.tif,0
1075L_ao_00712.tif,1
1075L_ao_00713.tif,1
1075L_ao_00715.tif,1
1075L_ao_00716.tif,2
1075L_ao_00717.tif,1
1075L_ao_00718.tif,1
1075L_ao_00720.tif,1
1075L_ao_00721.tif,0
1075L_ao_00722.tif,0
1075L_ao_00723.tif,0
1075L_ao_00725.tif,0
1075L_ao_00726.tif,0
1075L_ao_00727.tif,0
1075L_ao_00728.tif,0
1075L_ao_00730.tif,0
1075L_ao_00731.tif,1
1075L_ao_00732.tif,0
1075L_ao_00733.tif,1
1075L_ao_00735.tif,1
1075L_ao_00736.tif,2
1075L_ao_00737.tif,2
1075L_ao_00738.tif,1
1075L_ao_00740.tif,0
1075L_ao_00741.tif,0
1075L_ao_00742.tif,0
1075L_ao_00743.tif,0
1075L_ao_00745.tif,0
1075L_ao_00746.tif,0
1075L_ao_00751.tif,0
1075L_ao_00756.tif,0
1075L_ao_00760.tif,0
1075L_ao_00761.tif,0
1075L_ao_00762.tif,0
1075L_ao_00763.tif,0
1075L_ao_00765.tif,0
1075L_ao_00766.tif,0
1075L_ao_00767.tif,0
1075L_ao_00768.tif,0
1075L_ao_00770.tif,0
1075L_ao_00771.tif,0
1075L_ao_00772.tif,0
1075L_ao_00773.tif,0
1075L_ao_00775.tif,0
1075L_ao_00776.tif,0
1075L_ao_00777.tif,0
1075L_ao_00778.tif,0
1075L_ao_00780.tif,0
1075L_ao_00781.tif,0
1075L_ao_00782.tif,0
1075L_ao_00783.tif,0
1075L_ao_00785.tif,1
1075L_ao_00786.tif,0
1075L_ao_00787.tif,0
1075L_ao_00788.tif,2
1075L_ao_00790.tif,1
1075L_ao_00791.tif,0
1075L_ao_00792.tif,0
1075L_ao_00793.tif,0
1075L_ao_00795.tif,0
1075L_ao_00796.tif,0
1075L_ao_00797.tif,1
1075L_ao_00798.tif,1
1075L_ao_00800.tif,1
1075L_ao_00801.tif,0
1075L_ao_00802.tif,1
1075L_ao_00803.tif,0
1075L_ao_00805.tif,1
1075L_ao_00806.tif,0
1075L_ao_00807.tif,1
1075L_ao_00808.tif,0
1075L_ao_00810.tif,1
1075L_ao_00811.tif,0
1075L_ao_00812.tif,0
1075L_ao_00813.tif,1
1075L_ao_00815.tif,0
1075L_ao_00816.tif,0
1075L_ao_00817.tif,1
1075L_ao_00818.tif,1
1075L_ao_00820.tif,0
1075L_ao_00821.tif,1
1075L_ao_00822.tif,1
1075L_ao_00823.tif,0
1075L_ao_00825.tif,0
1075L_ao_00826.tif,1
1075L_ao_00827.tif,0
1075L_ao_00828.tif,1
1075L_ao_00830.tif,1
1075L_ao_00831.tif,0
1075L_ao_00832.tif,0
1075L_ao_00833.tif,0
1075L_ao_00837.tif,0
1075L_ao_00842.tif,0
1075L_ao_00847.tif,0
1075L_ao_00848.tif,0
1075L_ao_00850.tif,0
1075L_ao_00851.tif,0
1075L_ao_00852.tif,0
1075L_ao_00853.tif,0
1075L_ao_00855.tif,0
1075L_ao_00856.tif,0
1075L_ao_00857.tif,0
1075L_ao_00858.tif,0
1075L_ao_00860.tif,0
1075L_ao_00861.tif,0
1075L_ao_00862.tif,0
1075L_ao_00863.tif,0
1075L_ao_00865.tif,0
1075L_ao_00866.tif,0
1075L_ao_00867.tif,0
1075L_ao_00868.tif,0
1075L_ao_00870.tif,0
1075L_ao_00871.tif,0
1075L_ao_00872.tif,0
1075L_ao_00873.tif,0
1075L_ao_00875.tif,0
1075L_ao_00876.tif,0
1075L_ao_00877.tif,0
1075L_ao_00878.tif,0
1075L_ao_00880.tif,0
1075L_ao_00881.tif,0
1075L_ao_00882.tif,1
1075L_ao_00883.tif,0
1075L_ao_00885.tif,0
1075L_ao_00886.tif,0
1075L_ao_00887.tif,0
1075L_ao_00888.tif,0
1075L_ao_00890.tif,1
1075L_ao_00891.tif,0
1075L_ao_00892.tif,1
1075L_ao_00893.tif,0
1075L_ao_00895.tif,0
1075L_ao_00896.tif,0
1075L_ao_00897.tif,0
1075L_ao_00898.tif,0
1075L_ao_00900.tif,0
1075L_ao_00901.tif,0
1075L_ao_00902.tif,0
1075L_ao_00903.tif,0
1075L_ao_00905.tif,1
1075L_ao_00906.tif,0
1075L_ao_00907.tif,0
1075L_ao_00908.tif,1
1075L_ao_00910.tif,1
1075L_ao_00911.tif,1
1075L_ao_00912.tif,0
1075L_ao_00917.tif,0
1075L_ao_00922.tif,0
1075L_ao_00925.tif,0
1075L_ao_00926.tif,0
1075L_ao_00927.tif,0
1075L_ao_00928.tif,0
1075L_ao_00930.tif,1
1075L_ao_00931.tif,0
1075L_ao_00932.tif,0
1075L_ao_00933.tif,1
1075L_ao_00935.tif,1
1075L_ao_00936.tif,0
1075L_ao_00937.tif,0
1075L_ao_00938.tif,0
1075L_ao_00940.tif,0
1075L_ao_00941.tif,1
1075L_ao_00942.tif,0
1075L_ao_00943.tif,1
1075L_ao_00945.tif,0
1075L_ao_00946.tif,0
1075L_ao_00947.tif,0
1075L_ao_00948.tif,0
1075L_ao_00950.tif,0
1075L_ao_00951.tif,0
1075L_ao_00952.tif,0
1075L_ao_00953.tif,0
1075L_ao_00955.tif,0
1075L_ao_00956.tif,0
1075L_ao_00957.tif,0
1075L_ao_00958.tif,0
1075L_ao_00960.tif,0
1075L_ao_00961.tif,0
1075L_ao_00962.tif,0
1075L_ao_00963.tif,0
1075L_ao_00965.tif,0
1075L_ao_00966.tif,0
1075L_ao_00967.tif,1
1075L_ao_00968.tif,0
1075L_ao_00970.tif,2
1075L_ao_00971.tif,2
1075L_ao_00972.tif,0
1075L_ao_00973.tif,0
1075L_ao_00975.tif,0
1075L_ao_00976.tif,0
1075L_ao_00977.tif,0
1075L_ao_00978.tif,0
1075L_ao_00980.tif,0
1075L_ao_00981.tif,0
1075L_ao_00982.tif,0
1075L_ao_00983.tif,0
1075L_ao_00985.tif,0
1075L_ao_00986.tif,0
1075L_ao_00987.tif,1
1075L_ao_00988.tif,0
1075L_ao_00990.tif,1
1075L_ao_00991.tif,0
1075L_ao_00995.tif,0
1075L_ao_01000.tif,0
1075L_ao_01005.tif,0
1075L_ao_01006.tif,0
1075L_ao_01007.tif,0
1075L_ao_01008.tif,0
1075L_ao_01010.tif,0
1075L_ao_01011.tif,0
1075L_ao_01012.tif,0
1075L_ao_01013.tif,1
1075L_ao_01015.tif,0
1075L_ao_01016.tif,1
1075L_ao_01017.tif,1
1075L_ao_01018.tif,1
1075L_ao_01020.tif,1
1075L_ao_01021.tif,1
1075L_ao_01022.tif,1
1075L_ao_01023.tif,1
1075L_ao_01025.tif,0
1075L_ao_01026.tif,0
1075L_ao_01027.tif,1
1075L_ao_01028.tif,1
1075L_ao_01030.tif,0
1075L_ao_01031.tif,0
1075L_ao_01032.tif,0
1075L_ao_01033.tif,0
1075L_ao_01035.tif,0
1075L_ao_01036.tif,0
1075L_ao_01037.tif,1
1075L_ao_01038.tif,0
1075L_ao_01040.tif,1
1075L_ao_01041.tif,0
1075L_ao_01042.tif,0
1075L_ao_01043.tif,0
1075L_ao_01045.tif,0
1075L_ao_01046.tif,0
1075L_ao_01047.tif,0
1075L_ao_01048.tif,0
1075L_ao_01050.tif,1
1075L_ao_01051.tif,0
1075L_ao_01052.tif,0
1075L_ao_01053.tif,0
1075L_ao_01055.tif,0
1075L_ao_01056.tif,0
1075L_ao_01057.tif,0
1075L_ao_01058.tif,0
1075L_ao_01060.tif,0
1075L_ao_01061.tif,0
1075L_ao_01062.tif,1
1075L_ao_01063.tif,0
1075L_ao_01065.tif,1
1075L_ao_01066.tif,1
1075L_ao_01067.tif,1
1075L_ao_01068.tif,1
1075L_ao_01070.tif,2
1075L_ao_01071.tif,1
1075L_ao_01072.tif,1
1075L_ao_01080.tif,0
1075L_ao_01081.tif,1
1075L_ao_01082.tif,0
1075L_ao_01083.tif,1
1075L_ao_01085.tif,0
1075L_ao_01086.tif,0
1075L_ao_01087.tif,1
1075L_ao_01088.tif,1
1075L_ao_01090.tif,0
1075L_ao_01091.tif,0
1075L_ao_01092.tif,0
1075L_ao_01093.tif,0
1075L_ao_01095.tif,0
1075L_ao_01096.tif,0
1075L_ao_01097.tif,0
1075L_ao_01098.tif,0
1075L_ao_01100.tif,0
1075L_ao_01101.tif,1
1075L_ao_01102.tif,0
1075L_ao_01103.tif,0
1075L_ao_01105.tif,0
1075L_ao_01106.tif,1
1075L_ao_01107.tif,0
1075L_ao_01108.tif,0
1075L_ao_01110.tif,0
1075L_ao_01111.tif,1
1075L_ao_01112.tif,0
1075L_ao_01113.tif,0
1075L_ao_01115.tif,1
1075L_ao_01116.tif,0
1075L_ao_01117.tif,0
1075L_ao_01118.tif,1
1075L_ao_01120.tif,1
1075L_ao_01121.tif,1
1075L_ao_01122.tif,1
1075L_ao_01123.tif,1
1075L_ao_01125.tif,0
1075L_ao_01126.tif,1
1075L_ao_01127.tif,0
1075L_ao_01128.tif,0
1075L_ao_01130.tif,1
1075L_ao_01131.tif,0
1075L_ao_01132.tif,0
1075L_ao_01133.tif,0
1075L_ao_01135.tif,0
1075L_ao_01136.tif,0
1075L_ao_01137.tif,0
1075L_ao_01138.tif,0
1075L_ao_01140.tif,0
1075L_ao_01141.tif,0
1075L_ao_01142.tif,0
1075L_ao_01143.tif,0
1075L_ao_01145.tif,0
1075L_ao_01146.tif,0
1075L_ao_01147.tif,0
1075L_ao_01148.tif,0
1075L_ao_01150.tif,1
1075L_ao_01155.tif,1
1075L_ao_01158.tif,0
1075L_ao_01160.tif,1
1075L_ao_01161.tif,0
1075L_ao_01162.tif,0
1075L_ao_01163.tif,0
1075L_ao_01165.tif,0
1075L_ao_01166.tif,0
1075L_ao_01167.tif,0
1075L_ao_01168.tif,0
1075L_ao_01170.tif,0
1075L_ao_01171.tif,0
1075L_ao_01172.tif,1
1075L_ao_01173.tif,0
1075L_ao_01175.tif,2
1075L_ao_01176.tif,0
1075L_ao_01177.tif,0
1075L_ao_01178.tif,0
1075L_ao_01180.tif,1
1075L_ao_01181.tif,0
1075L_ao_01182.tif,0
1075L_ao_01183.tif,1
1075L_ao_01185.tif,1
1075L_ao_01186.tif,0
1075L_ao_01187.tif,1
1075L_ao_01188.tif,1
1075L_ao_01190.tif,1
1075L_ao_01191.tif,1
1075L_ao_01192.tif,1
1075L_ao_01193.tif,0
1075L_ao_01195.tif,0
1075L_ao_01196.tif,0
1075L_ao_01197.tif,0
1075L_ao_01198.tif,0
1075L_ao_01200.tif,0
1075L_ao_01201.tif,0
1075L_ao_01202.tif,0
1075L_ao_01203.tif,0
1075L_ao_01205.tif,1
1075L_ao_01206.tif,0
1075L_ao_01207.tif,1
1075L_ao_01208.tif,0
1075L_ao_01210.tif,0
1075L_ao_01211.tif,0
1075L_ao_01212.tif,1
1075L_ao_01213.tif,0
1075L_ao_01215.tif,0
1075L_ao_01216.tif,0
1075L_ao_01217.tif,0
1075L_ao_01218.tif,0
1075L_ao_01220.tif,0
1075L_ao_01221.tif,0
1075L_ao_01222.tif,0
1075L_ao_01223.tif,0
1075L_ao_01225.tif,1
1075L_ao_01226.tif,0
1075L_ao_01227.tif,0
1075L_ao_01228.tif,0
1075L_ao_01230.tif,0
1075L_ao_01231.tif,0
1075L_ao_01232.tif,0
1075L_ao_01233.tif,0
1075L_ao_01237.tif,0
1075L_ao_01242.tif,1
1075L_ao_01247.tif,1
1075L_ao_01248.tif,1
1075L_ao_01250.tif,1
1075L_ao_01251.tif,1
1075L_ao_01252.tif,1
1075L_ao_01253.tif,0
1075L_ao_01255.tif,0
1075L_ao_01256.tif,0
1075L_ao_01257.tif,0
1075L_ao_01258.tif,0
1075L_ao_01260.tif,1
1075L_ao_01261.tif,1
1075L_ao_01262.tif,1
1075L_ao_01263.tif,1
1075L_ao_01265.tif,1
1075L_ao_01266.tif,1
1075L_ao_01267.tif,1
1075L_ao_01268.tif,0
1075L_ao_01270.tif,0
1075L_ao_01271.tif,1
1075L_ao_01272.tif,0
1075L_ao_01273.tif,0
1075L_ao_01275.tif,0
1075L_ao_01276.tif,0
1075L_ao_01277.tif,1
1075L_ao_01278.tif,1
1075L_ao_01280.tif,0
1075L_ao_01281.tif,2
1075L_ao_01282.tif,0
1075L_ao_01283.tif,1
1075L_ao_01285.tif,0
1075L_ao_01286.tif,0
1075L_ao_01287.tif,0
1075L_ao_01288.tif,0
1075L_ao_01290.tif,0
1075L_ao_01291.tif,0
1075L_ao_01292.tif,1
1075L_ao_01293.tif,0
1075L_ao_01295.tif,1
1075L_ao_01296.tif,1
1075L_ao_01297.tif,0
1075L_ao_01298.tif,1
1075L_ao_01300.tif,0
1075L_ao_01301.tif,0
1075L_ao_01302.tif,0
1075L_ao_01303.tif,0
1075L_ao_01305.tif,1
1075L_ao_01306.tif,0
1075L_ao_01307.tif,0
1075L_ao_01308.tif,0
1075L_ao_01310.tif,0
1075L_ao_01311.tif,0
1075L_ao_01312.tif,0
1075L_ao_01313.tif,0
1075L_ao_01315.tif,0
1075L_ao_01316.tif,0
1075L_ao_01317.tif,0
1075L_ao_01318.tif,0
1075L_ao_01331.tif,1
1075L_ao_01332.tif,1
1075L_ao_01333.tif,0
1075L_ao_01335.tif,1
1075L_ao_01336.tif,2
1075L_ao_01337.tif,1
1075L_ao_01338.tif,1
1075L_ao_01340.tif,0
1075L_ao_01341.tif,0
1075L_ao_01342.tif,0
1075L_ao_01343.tif,0
1075L_ao_01345.tif,0
1075L_ao_01346.tif,0
1075L_ao_01347.tif,0
1075L_ao_01348.tif,0
1075L_ao_01350.tif,0
1075L_ao_01351.tif,0
1075L_ao_01352.tif,0
1075L_ao_01353.tif,0
1075L_ao_01355.tif,1
1075L_ao_01356.tif,1
1075L_ao_01357.tif,0
1075L_ao_01358.tif,0
1075L_ao_01360.tif,1
1075L_ao_01361.tif,1
1075L_ao_01362.tif,0
1075L_ao_01363.tif,2
1075L_ao_01365.tif,2
1075L_ao_01366.tif,0
1075L_ao_01367.tif,1
1075L_ao_01368.tif,0
1075L_ao_01370.tif,0
1075L_ao_01371.tif,0
1075L_ao_01372.tif,0
1075L_ao_01373.tif,0
1075L_ao_01375.tif,0
1075L_ao_01376.tif,0
1075L_ao_01377.tif,0
1075L_ao_01378.tif,0
1075L_ao_01380.tif,0
1075L_ao_01381.tif,0
1075L_ao_01382.tif,1
1075L_ao_01383.tif,0
1075L_ao_01385.tif,0
1075L_ao_01386.tif,0
1075L_ao_01387.tif,1
1075L_ao_01388.tif,0
1075L_ao_01390.tif,0
1075L_ao_01391.tif,1
1075L_ao_01392.tif,0
1075L_ao_01393.tif,0
1075L_ao_01395.tif,0
1075L_ao_01408.tif,1
1075L_ao_01410.tif,1
1075L_ao_01411.tif,1
1075L_ao_01412.tif,0
1075L_ao_01413.tif,0
1075L_ao_01415.tif,0
1075L_ao_01416.tif,0
1075L_ao_01417.tif,0
1075L_ao_01418.tif,0
1075L_ao_01420.tif,1
1075L_ao_01421.tif,1
1075L_ao_01422.tif,1
1075L_ao_01423.tif,2
1075L_ao_01425.tif,0
1075L_ao_01426.tif,1
1075L_ao_01427.tif,1
1075L_ao_01428.tif,0
1075L_ao_01430.tif,0
1075L_ao_01431.tif,1
1075L_ao_01432.tif,0
1075L_ao_01433.tif,0
1075L_ao_01435.tif,0
1075L_ao_01436.tif,0
1075L_ao_01437.tif,0
1075L_ao_01438.tif,0
1075L_ao_01440.tif,1
1075L_ao_01441.tif,0
1075L_ao_01442.tif,1
1075L_ao_01443.tif,1
1075L_ao_01445.tif,1
1075L_ao_01446.tif,1
1075L_ao_01447.tif,0
1075L_ao_01448.tif,0
1075L_ao_01450.tif,0
1075L_ao_01451.tif,0
1075L_ao_01452.tif,0
1075L_ao_01453.tif,0
1075L_ao_01455.tif,0
1075L_ao_01456.tif,0
1075L_ao_01457.tif,0
1075L_ao_01458.tif,0
1075L_ao_01460.tif,0
1075L_ao_01461.tif,0
1075L_ao_01462.tif,0
1075L_ao_01463.tif,0
1075L_ao_01465.tif,1
1075L_ao_01466.tif,0
1075L_ao_01467.tif,0
1075L_ao_01468.tif,1
1075L_ao_01470.tif,0
1075L_ao_01471.tif,0
1075L_ao_01472.tif,0
1075L_ao_01473.tif,1
1075L_ao_01475.tif,0
1075L_ao_01476.tif,0
1075L_ao_01477.tif,0
1075L_ao_01478.tif,1
1075L_ao_01480.tif,0
1075L_ao_01481.tif,0
1075L_ao_01482.tif,0
1075L_ao_01483.tif,1
1075L_ao_01485.tif,0
1075L_ao_01486.tif,0
1075L_ao_01487.tif,1
1075L_ao_01500.tif,1
1075L_ao_01501.tif,0
1075L_ao_01502.tif,1
1075L_ao_01503.tif,0
1075L_ao_01505.tif,1
1075L_ao_01506.tif,1
1075L_ao_01507.tif,1
1075L_ao_01508.tif,1
1075L_ao_01510.tif,0
1075L_ao_01511.tif,0
1075L_ao_01512.tif,2
1075L_ao_01513.tif,2
1075L_ao_01515.tif,1
1075L_ao_01516.tif,1
1075L_ao_01517.tif,1
1075L_ao_01518.tif,1
1075L_ao_01520.tif,1
1075L_ao_01521.tif,1
1075L_ao_01522.tif,1
1075L_ao_01523.tif,0
1075L_ao_01525.tif,1
1075L_ao_01526.tif,2
1075L_ao_01527.tif,1
1075L_ao_01528.tif,1
1075L_ao_01530.tif,1
1075L_ao_01531.tif,1
1075L_ao_01532.tif,1
1075L_ao_01533.tif,0
1075L_ao_01535.tif,0
1075L_ao_01536.tif,0
1075L_ao_01537.tif,0
1075L_ao_01538.tif,0
1075L_ao_01540.tif,0
1075L_ao_01541.tif,0
1075L_ao_01542.tif,0
1075L_ao_01543.tif,0
1075L_ao_01545.tif,1
1075L_ao_01546.tif,2
1075L_ao_01547.tif,2
1075L_ao_01548.tif,2
1075L_ao_01550.tif,2
1075L_ao_01551.tif,1
1075L_ao_01552.tif,2
1075L_ao_01553.tif,1
1075L_ao_01555.tif,1
1075L_ao_01556.tif,1
1075L_ao_01557.tif,1
1075L_ao_01558.tif,0
1075L_ao_01560.tif,1
1075L_ao_01561.tif,0
1075L_ao_01562.tif,1
1075L_ao_01563.tif,1
1075L_ao_01565.tif,0
1075L_ao_01566.tif,1
1075L_ao_01567.tif,1
1075L_ao_01568.tif,0
1075L_ao_01570.tif,1
1075L_ao_01571.tif,2
1075L_ao_01572.tif,1
1075L_ao_01573.tif,1
1075L_ao_01575.tif,1
1075L_ao_01576.tif,1
1075L_ao_01577.tif,1
1075L_ao_01578.tif,1
1075L_ao_01580.tif,1
1075L_ao_01585.tif,0
1075L_ao_01590.tif,1
1075L_ao_01591.tif,1
1075L_ao_01592.tif,1
1075L_ao_01593.tif,2
1075L_ao_01595.tif,1
1075L_ao_01596.tif,1
1075L_ao_01597.tif,1
1075L_ao_01598.tif,0
1075L_ao_01600.tif,0
1075L_ao_01601.tif,0
1075L_ao_01602.tif,0
1075L_ao_01603.tif,1
1075L_ao_01605.tif,0
1075L_ao_01606.tif,0
1075L_ao_01607.tif,0
1075L_ao_01608.tif,1
1075L_ao_01610.tif,1
1075L_ao_01611.tif,1
1075L_ao_01612.tif,0
1075L_ao_01613.tif,0
1075L_ao_01615.tif,1
1075L_ao_01616.tif,0
1075L_ao_01617.tif,0
1075L_ao_01618.tif,0
1075L_ao_01620.tif,1
1075L_ao_01621.tif,0
1075L_ao_01622.tif,0
1075L_ao_01623.tif,1
1075L_ao_01625.tif,0
1075L_ao_01626.tif,0
1075L_ao_01627.tif,1
1075L_ao_01628.tif,0
1075L_ao_01630.tif,1
1075L_ao_01631.tif,0
1075L_ao_01632.tif,1
1075L_ao_01633.tif,0
1075L_ao_01635.tif,1
1075L_ao_01636.tif,1
1075L_ao_01637.tif,0
1075L_ao_01638.tif,1
1075L_ao_01640.tif,1
1075L_ao_01641.tif,1
1075L_ao_01642.tif,1
1075L_ao_01643.tif,1
1075L_ao_01645.tif,1
1075L_ao_01646.tif,0
1075L_ao_01647.tif,0
1075L_ao_01648.tif,0
1075L_ao_01650.tif,0
1075L_ao_01651.tif,0
1075L_ao_01652.tif,0
1075L_ao_01653.tif,0
1075L_ao_01655.tif,0
1075L_ao_01656.tif,0
1075L_ao_01657.tif,0
1075L_ao_01658.tif,0
1075L_ao_01660.tif,1
1075L_ao_01661.tif,1
1075L_ao_01662.tif,0
1075L_ao_01663.tif,0
1075L_ao_01665.tif,1
1075L_ao_01666.tif,2
1075L_ao_01671.tif,1
1075L_ao_01675.tif,2
1075L_ao_01676.tif,2
1075L_ao_01677.tif,2
1075L_ao_01678.tif,2
1075L_ao_01680.tif,1
1075L_ao_01681.tif,2
1075L_ao_01682.tif,2
1075L_ao_01683.tif,1
1075L_ao_01685.tif,1
1075L_ao_01686.tif,1
1075L_ao_01687.tif,1
1075L_ao_01688.tif,2
1075L_ao_01690.tif,1
1075L_ao_01691.tif,1
1075L_ao_01692.tif,1
1075L_ao_01693.tif,0
1075L_ao_01695.tif,1
1075L_ao_01696.tif,0
1075L_ao_01697.tif,1
1075L_ao_01698.tif,1
1075L_ao_01700.tif,0
1075L_ao_01701.tif,1
1075L_ao_01702.tif,1
1075L_ao_01703.tif,1
1075L_ao_01705.tif,1
1075L_ao_01706.tif,0
1075L_ao_01707.tif,0
1075L_ao_01708.tif,1
1075L_ao_01710.tif,0
1075L_ao_01711.tif,0
1075L_ao_01712.tif,1
1075L_ao_01713.tif,1
1075L_ao_01715.tif,0
1075L_ao_01716.tif,1
1075L_ao_01717.tif,0
1075L_ao_01718.tif,2
1075L_ao_01720.tif,1
1075L_ao_01721.tif,1
1075L_ao_01722.tif,1
1075L_ao_01723.tif,1
1075L_ao_01725.tif,0
1075L_ao_01726.tif,2
1075L_ao_01727.tif,2
1075L_ao_01728.tif,2
1075L_ao_01730.tif,2
1075L_ao_01731.tif,1
1075L_ao_01732.tif,1
1075L_ao_01733.tif,1
1075L_ao_01735.tif,1
1075L_ao_01736.tif,1
1075L_ao_01737.tif,1
1075L_ao_01738.tif,2
1075L_ao_01740.tif,1
1075L_ao_01741.tif,1
1075L_ao_01742.tif,0
1075L_ao_01743.tif,1
1075L_ao_01745.tif,1
1075L_ao_01746.tif,1
1075L_ao_01747.tif,1
1075L_ao_01750.tif,1
1075L_ao_01755.tif,1
1075L_ao_01756.tif,2
1075L_ao_01757.tif,1
1075L_ao_01758.tif,2
1075L_ao_01760.tif,2
1075L_ao_01761.tif,2
1075L_ao_01762.tif,2
1075L_ao_01763.tif,1
1075L_ao_01765.tif,2
1075L_ao_01766.tif,2
1075L_ao_01767.tif,1
1075L_ao_01768.tif,1
1075L_ao_01770.tif,1
1075L_ao_01771.tif,1
1075L_ao_01772.tif,1
1075L_ao_01773.tif,1
1075L_ao_01775.tif,2
1075L_ao_01776.tif,2
1075L_ao_01777.tif,2
1075L_ao_01778.tif,1
1075L_ao_01780.tif,1
1075L_ao_01781.tif,1
1075L_ao_01782.tif,2
1075L_ao_01783.tif,0
1075L_ao_01785.tif,1
1075L_ao_01786.tif,0
1075L_ao_01787.tif,1
1075L_ao_01788.tif,1
1075L_ao_01790.tif,1
1075L_ao_01791.tif,1
1075L_ao_01792.tif,1
1075L_ao_01793.tif,1
1075L_ao_01795.tif,1
1075L_ao_01796.tif,1
1075L_ao_01797.tif,2
1075L_ao_01798.tif,1
1075L_ao_01800.tif,1
1075L_ao_01801.tif,2
1075L_ao_01802.tif,1
1075L_ao_01803.tif,2
1075L_ao_01805.tif,0
1075L_ao_01806.tif,2
1075L_ao_01807.tif,2
1075L_ao_01808.tif,2
1075L_ao_01810.tif,1
1075L_ao_01811.tif,1
1075L_ao_01812.tif,2
1075L_ao_01813.tif,1
1075L_ao_01815.tif,2
1075L_ao_01816.tif,1
1075L_ao_01817.tif,1
1075L_ao_01818.tif,1
1075L_ao_01820.tif,0
1075R_ao_01823.tif,0
1075R_ao_01825.tif,0
1075R_ao_01826.tif,0
1075R_ao_01827.tif,1
1075R_ao_01828.tif,1
1075R_ao_01830.tif,1
1075R_ao_01831.tif,0
1075R_ao_01832.tif,1
1075R_ao_01833.tif,0
1075R_ao_01835.tif,0
1075R_ao_01836.tif,0
1075R_ao_01837.tif,1
1075R_ao_01838.tif,0
1075R_ao_01840.tif,1
1075R_ao_01841.tif,0
1075R_ao_01842.tif,0
1075R_ao_01843.tif,0
1075R_ao_01845.tif,0
1075R_ao_01846.tif,0
1075R_ao_01847.tif,0
1075R_ao_01848.tif,0
1075R_ao_01850.tif,0
1075R_ao_01851.tif,0
1075R_ao_01852.tif,0
1075R_ao_01853.tif,0
1075R_ao_01855.tif,0
1075R_ao_01856.tif,0
1075R_ao_01857.tif,0
1075R_ao_01858.tif,0
1075R_ao_01860.tif,0
1075R_ao_01861.tif,0
1075R_ao_01862.tif,0
1075R_ao_01863.tif,0
1075R_ao_01865.tif,0
1075R_ao_01866.tif,0
1075R_ao_01867.tif,0
1075R_ao_01868.tif,0
1075R_ao_01870.tif,0
1075R_ao_01871.tif,0
1075R_ao_01872.tif,0
1075R_ao_01873.tif,0
1075R_ao_01875.tif,0
1075R_ao_01876.tif,0
1075R_ao_01877.tif,0
1075R_ao_01878.tif,0
1075R_ao_01880.tif,0
1075R_ao_01881.tif,0
1075R_ao_01882.tif,0
1075R_ao_01883.tif,0
1075R_ao_01885.tif,0
1075R_ao_01886.tif,0
1075R_ao_01887.tif,0
1075R_ao_01888.tif,0
1075R_ao_01890.tif,0
1075R_ao_01891.tif,1
1075R_ao_01892.tif,1
1075R_ao_01893.tif,0
1075R_ao_01895.tif,1
1075R_ao_01896.tif,0
1075R_ao_01897.tif,1
1075R_ao_01898.tif,0
1075R_ao_01900.tif,1
1075R_ao_01901.tif,1
1075R_ao_01902.tif,1
1075R_ao_01903.tif,0
1075R_ao_01905.tif,0
1075R_ao_01906.tif,0
1075R_ao_01907.tif,0
1075R_ao_01908.tif,0
1075R_ao_01910.tif,0
1075R_ao_01911.tif,0
1075R_ao_01912.tif,0
1075R_ao_01913.tif,0
1075R_ao_01915.tif,0
1075R_ao_01916.tif,0
1075R_ao_01917.tif,0
1075R_ao_01918.tif,0
1075R_ao_01920.tif,0
1075R_ao_01921.tif,0
1075R_ao_01922.tif,0
1075R_ao_01923.tif,0
1075R_ao_01925.tif,0
1075R_ao_01926.tif,0
1075R_ao_01931.tif,1
1075R_ao_01932.tif,0
1075R_ao_01933.tif,0
1075R_ao_01935.tif,0
1075R_ao_01936.tif,0
1075R_ao_01937.tif,0
1075R_ao_01938.tif,0
1075R_ao_01940.tif,0
1075R_ao_01941.tif,0
1075R_ao_01942.tif,0
1075R_ao_01943.tif,0
1075R_ao_01945.tif,0
1075R_ao_01946.tif,0
1075R_ao_01947.tif,1
1075R_ao_01948.tif,1
1075R_ao_01950.tif,0
1075R_ao_01951.tif,0
1075R_ao_01952.tif,1
1075R_ao_01953.tif,1
1075R_ao_01955.tif,0
1075R_ao_01956.tif,1
1075R_ao_01957.tif,1
1075R_ao_01958.tif,0
1075R_ao_01960.tif,1
1075R_ao_01961.tif,1
1075R_ao_01962.tif,1
1075R_ao_01963.tif,0
1075R_ao_01965.tif,0
1075R_ao_01966.tif,0
1075R_ao_01967.tif,0
1075R_ao_01968.tif,0
1075R_ao_01970.tif,0
1075R_ao_01971.tif,0
1075R_ao_01972.tif,0
1075R_ao_01973.tif,0
1075R_ao_01975.tif,1
1075R_ao_01976.tif,1
1075R_ao_01977.tif,0
1075R_ao_01978.tif,0
1075R_ao_01980.tif,0
1075R_ao_01981.tif,1
1075R_ao_01982.tif,0
1075R_ao_01986.tif,0
1075R_ao_01991.tif,1
1075R_ao_01992.tif,0
1075R_ao_01993.tif,1
1075R_ao_01995.tif,1
1075R_ao_01996.tif,1
1075R_ao_01997.tif,0
1075R_ao_01998.tif,0
1075R_ao_02000.tif,0
1075R_ao_02001.tif,0
1075R_ao_02002.tif,0
1075R_ao_02003.tif,0
1075R_ao_02005.tif,1
1075R_ao_02006.tif,0
1075R_ao_02007.tif,0
1075R_ao_02008.tif,0
1075R_ao_02010.tif,0
1075R_ao_02011.tif,0
1075R_ao_02012.tif,0
1075R_ao_02013.tif,0
1075R_ao_02015.tif,0
1075R_ao_02016.tif,0
1075R_ao_02017.tif,0
1075R_ao_02018.tif,0
1075R_ao_02020.tif,0
1075R_ao_02021.tif,1
1075R_ao_02022.tif,1
1075R_ao_02023.tif,1
1075R_ao_02025.tif,2
1075R_ao_02026.tif,2
1075R_ao_02027.tif,2
1075R_ao_02028.tif,1
1075R_ao_02030.tif,1
1075R_ao_02031.tif,1
1075R_ao_02032.tif,2
1075R_ao_02033.tif,2
1075R_ao_02035.tif,1
1075R_ao_02036.tif,2
1075R_ao_02037.tif,1
1075R_ao_02038.tif,1
1075R_ao_02040.tif,1
1075R_ao_02041.tif,1
1075R_ao_02042.tif,1
1075R_ao_02043.tif,2
1075R_ao_02056.tif,1
1075R_ao_02057.tif,0
1075R_ao_02058.tif,0
1075R_ao_02060.tif,0
1075R_ao_02061.tif,0
1075R_ao_02062.tif,0
1075R_ao_02063.tif,0
1075R_ao_02065.tif,0
1075R_ao_02066.tif,0
1075R_ao_02067.tif,0
1075R_ao_02068.tif,1
1075R_ao_02070.tif,1
1075R_ao_02071.tif,1
1075R_ao_02072.tif,1
1075R_ao_02073.tif,1
1075R_ao_02075.tif,1
1075R_ao_02076.tif,0
1075R_ao_02077.tif,0
1075R_ao_02078.tif,0
1075R_ao_02080.tif,0
1075R_ao_02081.tif,0
1075R_ao_02082.tif,0
1075R_ao_02083.tif,0
1075R_ao_02085.tif,1
1075R_ao_02086.tif,1
1075R_ao_02087.tif,1
1075R_ao_02088.tif,1
1075R_ao_02090.tif,1
1075R_ao_02091.tif,2
1075R_ao_02092.tif,0
1075R_ao_02093.tif,0
1075R_ao_02095.tif,0
1075R_ao_02096.tif,0
1075R_ao_02097.tif,0
1075R_ao_02098.tif,0
1075R_ao_02100.tif,0
1075R_ao_02101.tif,0
1075R_ao_02102.tif,0
1075R_ao_02103.tif,0
1075R_ao_02105.tif,1
1075R_ao_02106.tif,1
1075R_ao_02107.tif,2
1075R_ao_02108.tif,0
1075R_ao_02110.tif,1
1075R_ao_02111.tif,1
1075R_ao_02112.tif,1
1075R_ao_02113.tif,1
1075R_ao_02115.tif,1
1075R_ao_02116.tif,0
1075R_ao_02117.tif,1
1075R_ao_02118.tif,1
1075R_ao_02123.tif,1
1075R_ao_02128.tif,1
1075R_ao_02132.tif,1
1075R_ao_02133.tif,1
1075R_ao_02135.tif,1
1075R_ao_02136.tif,1
1075R_ao_02137.tif,1
1075R_ao_02138.tif,2
1075R_ao_02140.tif,1
1075R_ao_02141.tif,2
1075R_ao_02142.tif,1
1075R_ao_02143.tif,1
1075R_ao_02145.tif,1
1075R_ao_02146.tif,1
1075R_ao_02147.tif,1
1075R_ao_02148.tif,1
1075R_ao_02150.tif,1
1075R_ao_02151.tif,0
1075R_ao_02152.tif,1
1075R_ao_02153.tif,0
1075R_ao_02155.tif,0
1075R_ao_02156.tif,1
1075R_ao_02157.tif,1
1075R_ao_02158.tif,1
1075R_ao_02160.tif,2
1075R_ao_02161.tif,1
1075R_ao_02162.tif,1
1075R_ao_02163.tif,1
1075R_ao_02165.tif,2
1075R_ao_02166.tif,2
1075R_ao_02167.tif,2
1075R_ao_02168.tif,1
1075R_ao_02170.tif,1
1075R_ao_02171.tif,1
1075R_ao_02172.tif,1
1075R_ao_02173.tif,1
1075R_ao_02175.tif,0
1075R_ao_02176.tif,1
1075R_ao_02177.tif,1
1075R_ao_02178.tif,1
1075R_ao_02180.tif,1
1075R_ao_02181.tif,1
1075R_ao_02182.tif,1
1075R_ao_02183.tif,1
1075R_ao_02185.tif,1
1075R_ao_02186.tif,1
1075R_ao_02187.tif,1
1075R_ao_02188.tif,0
1075R_ao_02190.tif,2
1075R_ao_02191.tif,2
1075R_ao_02192.tif,2
1075R_ao_02193.tif,1
1075R_ao_02195.tif,1
1075R_ao_02196.tif,1
1075R_ao_02197.tif,2
1075R_ao_02198.tif,1
1075R_ao_02200.tif,0
1075R_ao_02201.tif,1
1075R_ao_02202.tif,1
1075R_ao_02203.tif,1
1075R_ao_02205.tif,1
1075R_ao_02206.tif,1
1075R_ao_02207.tif,1
1075R_ao_02220.tif,0
1095R_ao_02223.tif,1
1095R_ao_02225.tif,0
1095R_ao_02226.tif,0
1095R_ao_02227.tif,2
1095R_ao_02228.tif,2
1095R_ao_02230.tif,2
1095R_ao_02231.tif,1
1095R_ao_02232.tif,1
1095R_ao_02233.tif,1
1095R_ao_02235.tif,0
1095R_ao_02236.tif,2
1095R_ao_02238.tif,0
1095R_ao_02240.tif,0
1095R_ao_02241.tif,0
1098R_ao_02243.tif,2
1098R_ao_02245.tif,1
1098R_ao_02246.tif,1
1098R_ao_02247.tif,1
1098R_ao_02248.tif,2
1098R_ao_02250.tif,1
1098R_ao_02251.tif,1
1098R_ao_02252.tif,2
1098R_ao_02253.tif,2
1098R_ao_02256.tif,2
1098R_ao_02257.tif,2
1098R_ao_02258.tif,1
1098R_ao_02260.tif,1
1098R_ao_02261.tif,1
1098R_ao_02263.tif,1
1098R_ao_02265.tif,1
1098R_ao_02266.tif,1
1098R_ao_02267.tif,1
1098R_ao_02268.tif,2
1098R_ao_02271.tif,1
1098R_ao_02272.tif,2
1098R_ao_02273.tif,1
1098R_ao_02275.tif,2
1098R_ao_02276.tif,2
1098R_ao_02277.tif,2
1098R_ao_02280.tif,2
1098R_ao_02281.tif,1
1098R_ao_02282.tif,2
1098R_ao_02283.tif,2
1098R_ao_02285.tif,2
1098R_ao_02286.tif,0
1098R_ao_02287.tif,1
1098R_ao_02288.tif,2
1098R_ao_02290.tif,2
1098R_ao_02291.tif,1
1098R_ao_02292.tif,2
1098R_ao_02295.tif,2
1098R_ao_02296.tif,2
1098R_ao_02297.tif,2
1098R_ao_02298.tif,2
1098R_ao_02300.tif,2
1098R_ao_02302.tif,0
1098R_ao_02305.tif,2
1098R_ao_02306.tif,1
1098R_ao_02307.tif,1
1098R_ao_02308.tif,2
1098R_ao_02310.tif,0
1098R_ao_02311.tif,1
1098R_ao_02312.tif,1
1098R_ao_02313.tif,1
1098R_ao_02315.tif,2
1098R_ao_02316.tif,0
1098R_ao_02318.tif,1
1098R_ao_02320.tif,0
1098R_ao_02321.tif,1
1098R_ao_02322.tif,1
1098R_ao_02323.tif,1
1098R_ao_02326.tif,2
1098R_ao_02327.tif,1
1098R_ao_02328.tif,1
1098R_ao_02330.tif,1
1098R_ao_02331.tif,1
1098R_ao_02332.tif,0
1098R_ao_02335.tif,1
1098R_ao_02336.tif,1
1098R_ao_02337.tif,1
1098R_ao_02338.tif,0
1098R_ao_02340.tif,1
1098R_ao_02341.tif,1
1098R_ao_02342.tif,1
1098R_ao_02343.tif,1
1098R_ao_02345.tif,1
1098R_ao_02346.tif,0
1098R_ao_02347.tif,2
1098R_ao_02348.tif,2
1098R_ao_02350.tif,1
1098R_ao_02351.tif,1
1098R_ao_02352.tif,0
1098R_ao_02353.tif,1
1098R_ao_02355.tif,1
1098R_ao_02356.tif,1
1098R_ao_02358.tif,1
1098R_ao_02360.tif,1
1098R_ao_02361.tif,1
1098R_ao_02362.tif,0
1098R_ao_02363.tif,0
1098R_ao_02365.tif,1
1098R_ao_02366.tif,0
1098R_ao_02367.tif,2
1098R_ao_02368.tif,2
1098R_ao_02370.tif,2
1098R_ao_02371.tif,0
1098R_ao_02372.tif,1
1098R_ao_02375.tif,2
1098R_ao_02376.tif,2
1098R_ao_02377.tif,2
1098R_ao_02378.tif,2
1098R_ao_02380.tif,2
1098R_ao_02382.tif,2
1098R_ao_02383.tif,2
1098R_ao_02385.tif,1
1098R_ao_02386.tif,1
1098R_ao_02387.tif,2
1098R_ao_02388.tif,2
1098R_ao_02390.tif,2
1098R_ao_02391.tif,2
1098R_ao_02392.tif,1
1098R_ao_02393.tif,2
1098R_ao_02395.tif,1
1098R_ao_02396.tif,0
1098R_ao_02398.tif,0
1098R_ao_02400.tif,2
1098R_ao_02401.tif,2
1098R_ao_02402.tif,1
1098R_ao_02403.tif,2
1101R_ao_02405.tif,2
1101R_ao_02406.tif,1
1101R_ao_02407.tif,1
1101R_ao_02408.tif,2
1101R_ao_02410.tif,2
1101R_ao_02411.tif,2
1101R_ao_02412.tif,1
1101R_ao_02413.tif,2
1101R_ao_02415.tif,2
1101R_ao_02416.tif,2
1101R_ao_02417.tif,2
1101R_ao_02418.tif,2
1101R_ao_02420.tif,2
1101R_ao_02421.tif,0
1101R_ao_02422.tif,2
1101R_ao_02423.tif,2
1101R_ao_02425.tif,0
1101R_ao_02426.tif,2
1101R_ao_02427.tif,2
1101R_ao_02428.tif,2
1101R_ao_02430.tif,2
1101R_ao_02432.tif,2
1101R_ao_02433.tif,1
1101R_ao_02435.tif,2
1101R_ao_02436.tif,2
1101R_ao_02437.tif,2
1101R_ao_02438.tif,2
1101R_ao_02440.tif,2
1101R_ao_02441.tif,2
1101R_ao_02442.tif,2
1101R_ao_02443.tif,2
1101R_ao_02445.tif,2
1101R_ao_02447.tif,2
1101R_ao_02448.tif,2
1101R_ao_02450.tif,2
1101R_ao_02451.tif,2
1101R_ao_02452.tif,2
1101R_ao_02453.tif,2
1101R_ao_02455.tif,2
1101R_ao_02456.tif,2
1101R_ao_02457.tif,2
1101R_ao_02458.tif,2
1101R_ao_02460.tif,2
1101R_ao_02461.tif,2
1101R_ao_02462.tif,2
1101R_ao_02463.tif,2
1101R_ao_02465.tif,1
1101R_ao_02466.tif,1
1101R_ao_02467.tif,1
1101R_ao_02468.tif,2
1101R_ao_02470.tif,2
1101R_ao_02471.tif,2
1101R_ao_02473.tif,1
1101R_ao_02475.tif,0
1101R_ao_02476.tif,1
1101R_ao_02477.tif,2
1101R_ao_02478.tif,2
1101R_ao_02481.tif,2
1101R_ao_02482.tif,0
1101R_ao_02483.tif,1
1101R_ao_02485.tif,2
1101R_ao_02486.tif,1
1101R_ao_02487.tif,2
1101R_ao_02490.tif,2
1101R_ao_02491.tif,2
1101R_ao_02492.tif,2
1101R_ao_02495.tif,1
1101R_ao_02496.tif,1
1101R_ao_02497.tif,0
1101R_ao_02498.tif,1
1101R_ao_02501.tif,0
1101R_ao_02502.tif,0
1101R_ao_02503.tif,2
1101R_ao_02506.tif,1
1101R_ao_02507.tif,1
1101R_ao_02508.tif,2
1101R_ao_02510.tif,1
1101R_ao_02511.tif,1
1101R_ao_02512.tif,2
1101R_ao_02515.tif,2
1101R_ao_02516.tif,2
1101R_ao_02517.tif,2
1101R_ao_02518.tif,2
1101R_ao_02520.tif,2
1101R_ao_02521.tif,2
1101R_ao_02522.tif,2
1101R_ao_02525.tif,2
1101R_ao_02526.tif,2
1101R_ao_02527.tif,2
1101R_ao_02528.tif,2
1101R_ao_02530.tif,2
1101R_ao_02531.tif,2
1101R_ao_02533.tif,2
1101R_ao_02535.tif,2
1101R_ao_02536.tif,2
1101R_ao_02537.tif,2
1101R_ao_02538.tif,1
1101R_ao_02540.tif,1
1101R_ao_02541.tif,2
1101R_ao_02542.tif,1
1101R_ao_02543.tif,1
1101R_ao_02545.tif,0
1101R_ao_02546.tif,0
1101R_ao_02547.tif,0
1101R_ao_02548.tif,0
1101R_ao_02550.tif,2
1101R_ao_02551.tif,2
1101R_ao_02552.tif,2
1101R_ao_02553.tif,1
1101R_ao_02555.tif,1
1101R_ao_02556.tif,2
1101R_ao_02557.tif,2
1101R_ao_02558.tif,2
1101R_ao_02560.tif,2
1101R_ao_02561.tif,2
1101R_ao_02563.tif,2
1101R_ao_02565.tif,2
1101R_ao_02566.tif,2
1101R_ao_02567.tif,2
1101R_ao_02568.tif,2
1101R_ao_02570.tif,2
1101R_ao_02571.tif,2
1101R_ao_02572.tif,2
1102R_ao_02575.tif,2
1102R_ao_02576.tif,0
1102R_ao_02577.tif,2
1102R_ao_02578.tif,2
1102R_ao_02580.tif,1
1102R_ao_02581.tif,2
1102R_ao_02582.tif,2
1102R_ao_02583.tif,2
1102R_ao_02585.tif,2
1102R_ao_02586.tif,1
1102R_ao_02587.tif,2
1102R_ao_02588.tif,2
1102R_ao_02590.tif,2
1102R_ao_02591.tif,2
1102R_ao_02592.tif,2
1102R_ao_02593.tif,2
1102R_ao_02596.tif,2
1102R_ao_02597.tif,2
1102R_ao_02598.tif,1
1102R_ao_02600.tif,2
1102R_ao_02601.tif,2
1102R_ao_02603.tif,2
1102R_ao_02605.tif,2
1102R_ao_02606.tif,2
1102R_ao_02607.tif,2
1102R_ao_02608.tif,2
1102R_ao_02610.tif,2
1102R_ao_02612.tif,2
1102R_ao_02613.tif,2
1105R_ao_02616.tif,1
1105R_ao_02617.tif,1
1105R_ao_02618.tif,2
1105R_ao_02620.tif,1
1105R_ao_02621.tif,1
1105R_ao_02622.tif,1
1105R_ao_02623.tif,1
1105R_ao_02625.tif,2
1105R_ao_02626.tif,2
1105R_ao_02627.tif,2
1105R_ao_02628.tif,2
1105R_ao_02632.tif,2
1105R_ao_02633.tif,2
1105R_ao_02635.tif,2
1105R_ao_02636.tif,2
1105R_ao_02637.tif,2
1105R_ao_02638.tif,1
1105R_ao_02640.tif,2
1105R_ao_02641.tif,1
1105R_ao_02642.tif,2
1105R_ao_02643.tif,2
1105R_ao_02645.tif,2
1105R_ao_02647.tif,1
1105R_ao_02648.tif,2
1105R_ao_02650.tif,2
1105R_ao_02651.tif,2
1105R_ao_02652.tif,2
1105R_ao_02653.tif,1
1105R_ao_02655.tif,1
1105R_ao_02656.tif,2
1105R_ao_02657.tif,2
1105R_ao_02658.tif,2
1105R_ao_02660.tif,2
1105R_ao_02663.tif,2
1105R_ao_02665.tif,2
1105R_ao_02666.tif,2
1105R_ao_02667.tif,1
1105R_ao_02668.tif,2
1105R_ao_02670.tif,2
1105R_ao_02671.tif,1
1105R_ao_02672.tif,1
1105R_ao_02673.tif,2
1105R_ao_02675.tif,2
1105R_ao_02676.tif,2
1105R_ao_02680.tif,2
1105R_ao_02681.tif,2
1105R_ao_02682.tif,2
1105R_ao_02683.tif,2
1105R_ao_02685.tif,2
1105R_ao_02686.tif,2
1105R_ao_02687.tif,2
1105R_ao_02688.tif,2
1105R_ao_02690.tif,2
1105R_ao_02691.tif,2
1105R_ao_02692.tif,2
1105R_ao_02693.tif,2
1105R_ao_02695.tif,2
1105R_ao_02696.tif,2
1105R_ao_02697.tif,1
1105R_ao_02698.tif,2
1105R_ao_02700.tif,1
1105R_ao_02701.tif,2
1105R_ao_02702.tif,2
1105R_ao_02703.tif,2
1105R_ao_02705.tif,2
1105R_ao_02706.tif,1
1105R_ao_02708.tif,2
1105R_ao_02710.tif,2
1105R_ao_02711.tif,2
1106L_ao_02715.tif,0
1106L_ao_02716.tif,2
1106L_ao_02717.tif,1
1106L_ao_02718.tif,1
1106L_ao_02720.tif,1
1106L_ao_02721.tif,1
1106L_ao_02722.tif,2
1106L_ao_02723.tif,2
1106L_ao_02725.tif,2
1106L_ao_02726.tif,2
1106L_ao_02727.tif,1
1106L_ao_02730.tif,1
1106L_ao_02731.tif,2
1106L_ao_02732.tif,2
1106L_ao_02733.tif,2
1106L_ao_02735.tif,1
1106L_ao_02736.tif,2
1106L_ao_02737.tif,1
1106L_ao_02738.tif,1
1106L_ao_02741.tif,1
1106L_ao_02742.tif,1
1106L_ao_02743.tif,1
1106L_ao_02745.tif,1
1106L_ao_02746.tif,1
1106L_ao_02747.tif,2
1106L_ao_02748.tif,1
1106L_ao_02750.tif,2
1106L_ao_02751.tif,1
1106L_ao_02752.tif,2
1106L_ao_02753.tif,1
1106L_ao_02755.tif,2
1106L_ao_02756.tif,2
1106L_ao_02757.tif,1
1106L_ao_02758.tif,0
1106L_ao_02760.tif,2
1106L_ao_02761.tif,1
1106L_ao_02762.tif,1
1106L_ao_02765.tif,2
1106L_ao_02766.tif,2
1106L_ao_02767.tif,2
1106L_ao_02768.tif,2
1106L_ao_02770.tif,2
1106L_ao_02771.tif,2
1106L_ao_02772.tif,2
1106L_ao_02773.tif,2
1106L_ao_02775.tif,2
1106L_ao_02776.tif,2
1106L_ao_02780.tif,2
1106L_ao_02781.tif,2
1106L_ao_02782.tif,2
1106L_ao_02783.tif,1
1106L_ao_02785.tif,2
1106L_ao_02786.tif,2
1106L_ao_02787.tif,1
1106L_ao_02788.tif,2
1106L_ao_02790.tif,2
1106L_ao_02791.tif,2
1106L_ao_02792.tif,2
1106L_ao_02793.tif,2
1106L_ao_02795.tif,2
1106L_ao_02796.tif,2
1106L_ao_02797.tif,1
1106L_ao_02798.tif,1
1106L_ao_02800.tif,2
1106L_ao_02801.tif,1
1106L_ao_02802.tif,0
1106L_ao_02803.tif,1
1106L_ao_02805.tif,0
1106L_ao_02806.tif,1
1106L_ao_02807.tif,1
1106L_ao_02808.tif,1
1106L_ao_02810.tif,1
1106L_ao_02811.tif,2
1106L_ao_02812.tif,1
1106L_ao_02813.tif,2
1106L_ao_02815.tif,2
1106L_ao_02816.tif,2
1106L_ao_02817.tif,2
1106L_ao_02818.tif,2
1106L_ao_02820.tif,0
1106L_ao_02821.tif,1
1106L_ao_02822.tif,0
1106L_ao_02823.tif,1
1106L_ao_02825.tif,0
1106L_ao_02828.tif,0
1106L_ao_02830.tif,2
1106L_ao_02831.tif,2
1106L_ao_02832.tif,0
1106L_ao_02833.tif,0
1106L_ao_02835.tif,1
1106L_ao_02836.tif,2
1106L_ao_02837.tif,1
1106L_ao_02838.tif,0
1106L_ao_02840.tif,1
1106L_ao_02841.tif,1
1106L_ao_02842.tif,1
1106L_ao_02843.tif,0
1106L_ao_02845.tif,1
1106L_ao_02846.tif,2
